path	sha256	size_bytes	classification	upstream_project	upstream_repository	upstream_path	upstream_commit_or_release	upstream_sha256	license_spdx	redistribution_verified	required_notice	required_citation	local_modifications	generated_from	workflow_requirement	final_action	evidence	notes
.editorconfig	02ea9708cd97bf60015e0cfb259f9e4d3bb68d091a1b6ab6c849e2ffac988c9b	227	project_authored	MembraneForger	not_applicable	not_applicable	project-authored	02ea9708cd97bf60015e0cfb259f9e4d3bb68d091a1b6ab6c849e2ffac988c9b	MIT	yes	none	CITATION.cff	none	project source	project workflow	KEEP_VERIFIED	project-authored file	not a retained third-party payload
.gitattributes	9546459942c723070e8874bd5d5a7ad503ff3febd30b31a597c8961498dbcc5d	1175	project_authored	MembraneForger	not_applicable	not_applicable	project-authored	9546459942c723070e8874bd5d5a7ad503ff3febd30b31a597c8961498dbcc5d	MIT	yes	none	CITATION.cff	none	project source	project workflow	KEEP_VERIFIED	project-authored file	not a retained third-party payload
.github/workflows/ci.yml	848677c48f493bffc40a0eab404ced75c56a5d476e84da90a2245c25a2cdae31	1825	project_authored	MembraneForger	not_applicable	not_applicable	project-authored	848677c48f493bffc40a0eab404ced75c56a5d476e84da90a2245c25a2cdae31	MIT	yes	none	CITATION.cff	none	project source	project workflow	KEEP_VERIFIED	project-authored file	not a retained third-party payload
.github/workflows/licensed-production-check.yml	80d649ff1104129493f163deac7ba91a7dc0a75977a2135555cc1e7d408c8ee1	1652	project_authored	MembraneForger	not_applicable	not_applicable	project-authored	80d649ff1104129493f163deac7ba91a7dc0a75977a2135555cc1e7d408c8ee1	MIT	yes	none	CITATION.cff	none	project source	project workflow	KEEP_VERIFIED	project-authored file	not a retained third-party payload
.gitignore	327359184795a9cfdb3012469dcb7a20f7def3a1ef3387a4b22d95e4175a9a4b	705	project_authored	MembraneForger	not_applicable	not_applicable	project-authored	327359184795a9cfdb3012469dcb7a20f7def3a1ef3387a4b22d95e4175a9a4b	MIT	yes	none	CITATION.cff	none	project source	project workflow	KEEP_VERIFIED	project-authored file	not a retained third-party payload
CITATION.cff	9107fb4e0a42f7e17d04afe0b49d1129bd90949dc5f7ba502fba05e872ce050c	503	project_authored	MembraneForger	not_applicable	not_applicable	project-authored	9107fb4e0a42f7e17d04afe0b49d1129bd90949dc5f7ba502fba05e872ce050c	MIT	yes	none	CITATION.cff	none	project source	project workflow	KEEP_VERIFIED	project-authored file	not a retained third-party payload
CONTRIBUTING.md	42923af6ab136e0eb049adc7fda08ec2f38f0f0e908f50addefa2c74d6a74144	853	project_authored	MembraneForger	not_applicable	not_applicable	project-authored	42923af6ab136e0eb049adc7fda08ec2f38f0f0e908f50addefa2c74d6a74144	MIT	yes	none	CITATION.cff	none	project source	project workflow	KEEP_VERIFIED	project-authored file	not a retained third-party payload
LICENSE	42c864783b284de7ca61dbc1fe24af1d5a658d54720ecd714bfa1ee225cfb08a	1015	project_authored	MembraneForger	not_applicable	not_applicable	project-authored	42c864783b284de7ca61dbc1fe24af1d5a658d54720ecd714bfa1ee225cfb08a	MIT	yes	none	CITATION.cff	none	project source	project workflow	KEEP_VERIFIED	project-authored file	not a retained third-party payload
LICENSES/Apache-2.0.txt	c71d239df91726fc519c6eb72d318ec65820627232b2f796219e87dcf35d0ab4	11357	third_party_license	Apache License	https://www.apache.org/licenses/LICENSE-2.0	LICENSE-2.0	Apache-2.0	c71d239df91726fc519c6eb72d318ec65820627232b2f796219e87dcf35d0ab4	Apache-2.0	yes	full license text	none	none	official license text	license notice	KEEP_VERIFIED	Apache Software Foundation license text	license notice
LICENSE_DEPENDENCIES.md	8c68859ebc30d191074c1d911ebc14013907552aa18f794c35ceec5892d32663	1172	project_authored	MembraneForger	not_applicable	not_applicable	project-authored	8c68859ebc30d191074c1d911ebc14013907552aa18f794c35ceec5892d32663	MIT	yes	none	CITATION.cff	none	project source	project workflow	KEEP_VERIFIED	project-authored file	not a retained third-party payload
README.md	ce650733da64404f8dd849f6d7a338d34b57f869e2928253b3745b865778d874	7903	project_authored	MembraneForger	not_applicable	not_applicable	project-authored	ce650733da64404f8dd849f6d7a338d34b57f869e2928253b3745b865778d874	MIT	yes	none	CITATION.cff	none	project source	project workflow	KEEP_VERIFIED	project-authored file	not a retained third-party payload
SECURITY.md	7440356517703576fb432aff8c4bdd470048f5283d090145c4f2e1f9032b18fb	566	project_authored	MembraneForger	not_applicable	not_applicable	project-authored	7440356517703576fb432aff8c4bdd470048f5283d090145c4f2e1f9032b18fb	MIT	yes	none	CITATION.cff	none	project source	project workflow	KEEP_VERIFIED	project-authored file	not a retained third-party payload
THIRD_PARTY_NOTICES.md	e3c238bbefb59925e6c8e518eccd40cf1ad950872e6864d6be35100712d73ae7	1172	project_authored	MembraneForger	not_applicable	not_applicable	project-authored	e3c238bbefb59925e6c8e518eccd40cf1ad950872e6864d6be35100712d73ae7	MIT	yes	none	CITATION.cff	none	project source	project workflow	KEEP_VERIFIED	project-authored file	not a retained third-party payload
config/dependencies.yaml	a657d6273d5ed669f2f9922055ef7aa175a509bf0b86fddb2932984b9cfba72f	753	project_authored	MembraneForger	not_applicable	not_applicable	project-authored	a657d6273d5ed669f2f9922055ef7aa175a509bf0b86fddb2932984b9cfba72f	MIT	yes	none	CITATION.cff	none	project source	project workflow	KEEP_VERIFIED	project-authored file	not a retained third-party payload
config/resources.lock.yaml	49b9b7f04e47236df6961ecddbf3570931e56cfa69c3bc3618f9d5996f89402e	663	project_authored	MembraneForger	not_applicable	not_applicable	project-authored	49b9b7f04e47236df6961ecddbf3570931e56cfa69c3bc3618f9d5996f89402e	MIT	yes	none	CITATION.cff	none	project source	project workflow	KEEP_VERIFIED	project-authored file	not a retained third-party payload
config/workflow.example.yaml	cd69b9c7827428df2322f521025775d0a89eca181d1c289ec1ec681dd123163a	863	project_authored	MembraneForger	not_applicable	not_applicable	project-authored	cd69b9c7827428df2322f521025775d0a89eca181d1c289ec1ec681dd123163a	MIT	yes	none	CITATION.cff	none	project source	project workflow	KEEP_VERIFIED	project-authored file	not a retained third-party payload
config/workflow.yaml	bb194e2ac8720556a8a3135016784496a50c43510705f884e4d1a1e517e46d6e	1517	project_authored	MembraneForger	not_applicable	not_applicable	project-authored	bb194e2ac8720556a8a3135016784496a50c43510705f884e4d1a1e517e46d6e	MIT	yes	none	CITATION.cff	none	project source	project workflow	KEEP_VERIFIED	project-authored file	not a retained third-party payload
containers/Apptainer.def	5c09b341657e0c00cc0b676abcc1b6450ca53f17e43cd5dbaaa470f0d99466c2	230	project_authored	MembraneForger	not_applicable	not_applicable	project-authored	5c09b341657e0c00cc0b676abcc1b6450ca53f17e43cd5dbaaa470f0d99466c2	MIT	yes	none	CITATION.cff	none	project source	project workflow	KEEP_VERIFIED	project-authored file	not a retained third-party payload
containers/Dockerfile	800338b68a08479e8e4e352061c55958a4abb082e2441a79028648464464105c	249	project_authored	MembraneForger	not_applicable	not_applicable	project-authored	800338b68a08479e8e4e352061c55958a4abb082e2441a79028648464464105c	MIT	yes	none	CITATION.cff	none	project source	project workflow	KEEP_VERIFIED	project-authored file	not a retained third-party payload
docs/private_regression_fixtures.md	01ed7eb50c156e7477baafca65d6161d4dda0f42ee9937829979af711095d333	500	project_authored	MembraneForger	not_applicable	not_applicable	project-authored	01ed7eb50c156e7477baafca65d6161d4dda0f42ee9937829979af711095d333	MIT	yes	none	CITATION.cff	none	project source	project workflow	KEEP_VERIFIED	project-authored file	not a retained third-party payload
docs/publication_audit.md	4fe290c297d54146871ee79b6d927ea53d060b5b889b0663526053f7486acba3	1600	project_authored	MembraneForger	not_applicable	not_applicable	project-authored	4fe290c297d54146871ee79b6d927ea53d060b5b889b0663526053f7486acba3	MIT	yes	none	CITATION.cff	none	project source	project workflow	KEEP_VERIFIED	project-authored file	not a retained third-party payload
docs/redistribution_cleanup_report.md	d5804102a2a4cddc2f6ebd098d3eb74ba3888d1ac393f7a3bf99510bc028d362	387	project_authored	MembraneForger	not_applicable	not_applicable	project-authored	d5804102a2a4cddc2f6ebd098d3eb74ba3888d1ac393f7a3bf99510bc028d362	MIT	yes	none	CITATION.cff	none	project source	project workflow	KEEP_VERIFIED	project-authored file	not a retained third-party payload
docs/reproducibility.md	2398307f655280afce66719e51c4f85818ec5117da4629d58091839dc51d2b00	1229	project_authored	MembraneForger	not_applicable	not_applicable	project-authored	2398307f655280afce66719e51c4f85818ec5117da4629d58091839dc51d2b00	MIT	yes	none	CITATION.cff	none	project source	project workflow	KEEP_VERIFIED	project-authored file	not a retained third-party payload
docs/scientific_parameters.md	ea3d8b565f27bf4d8b666fb5a7546b55aa8871f4e8b0f57e9f55b2e0f3b4e9e9	480	project_authored	MembraneForger	not_applicable	not_applicable	project-authored	ea3d8b565f27bf4d8b666fb5a7546b55aa8871f4e8b0f57e9f55b2e0f3b4e9e9	MIT	yes	none	CITATION.cff	none	project source	project workflow	KEEP_VERIFIED	project-authored file	not a retained third-party payload
docs/software_dependencies.md	4bc08ec92791fe7dc31cb2e72a2ea039c58690092e42d5cf22dc965cbb401e87	1044	project_authored	MembraneForger	not_applicable	not_applicable	project-authored	4bc08ec92791fe7dc31cb2e72a2ea039c58690092e42d5cf22dc965cbb401e87	MIT	yes	none	CITATION.cff	none	project source	project workflow	KEEP_VERIFIED	project-authored file	not a retained third-party payload
docs/stage1.md	322dda636d0e4d40eaceea1a611150854c70db251b7d09418d3de03bae5f2943	400	project_authored	MembraneForger	not_applicable	not_applicable	project-authored	322dda636d0e4d40eaceea1a611150854c70db251b7d09418d3de03bae5f2943	MIT	yes	none	CITATION.cff	none	project source	project workflow	KEEP_VERIFIED	project-authored file	not a retained third-party payload
docs/stage2.md	83d6f961e2422c8c90991ee948ce4230f4618a1553e1574af830bbc47472ed03	526	project_authored	MembraneForger	not_applicable	not_applicable	project-authored	83d6f961e2422c8c90991ee948ce4230f4618a1553e1574af830bbc47472ed03	MIT	yes	none	CITATION.cff	none	project source	project workflow	KEEP_VERIFIED	project-authored file	not a retained third-party payload
docs/stage3.md	8c099c04be2280b98c2ac4f108b62b8d1942b4a4874bfc6d8d2c96dc90242881	599	project_authored	MembraneForger	not_applicable	not_applicable	project-authored	8c099c04be2280b98c2ac4f108b62b8d1942b4a4874bfc6d8d2c96dc90242881	MIT	yes	none	CITATION.cff	none	project source	project workflow	KEEP_VERIFIED	project-authored file	not a retained third-party payload
docs/stage4.md	47f9a3cdc032a88a0e83f248922451a1d69851def97d25c3d856f89c1f7dd4b9	307	project_authored	MembraneForger	not_applicable	not_applicable	project-authored	47f9a3cdc032a88a0e83f248922451a1d69851def97d25c3d856f89c1f7dd4b9	MIT	yes	none	CITATION.cff	none	project source	project workflow	KEEP_VERIFIED	project-authored file	not a retained third-party payload
environments/constraints.txt	60d17f4b21037f5b26bbeb0cedf1ebcd4a3edc1e01290e4ca9268c2ac6bca6b2	183	project_authored	MembraneForger	not_applicable	not_applicable	project-authored	60d17f4b21037f5b26bbeb0cedf1ebcd4a3edc1e01290e4ca9268c2ac6bca6b2	MIT	yes	none	CITATION.cff	none	project source	project workflow	KEEP_VERIFIED	project-authored file	not a retained third-party payload
environments/environment.yml	7e9076ecde8af387b67bdc26fa96861f9706bf6e98e6d85f5776bf3934e9d4aa	329	project_authored	MembraneForger	not_applicable	not_applicable	project-authored	7e9076ecde8af387b67bdc26fa96861f9706bf6e98e6d85f5776bf3934e9d4aa	MIT	yes	none	CITATION.cff	none	project source	project workflow	KEEP_VERIFIED	project-authored file	not a retained third-party payload
environments/requirements-lock.txt	60d17f4b21037f5b26bbeb0cedf1ebcd4a3edc1e01290e4ca9268c2ac6bca6b2	183	project_authored	MembraneForger	not_applicable	not_applicable	project-authored	60d17f4b21037f5b26bbeb0cedf1ebcd4a3edc1e01290e4ca9268c2ac6bca6b2	MIT	yes	none	CITATION.cff	none	project source	project workflow	KEEP_VERIFIED	project-authored file	not a retained third-party payload
examples/minimal/README.md	e268c92b3f8733b8216bae1d49056ecce6178eb1ef7b09feefe5921c815714e4	924	project_authored	MembraneForger	not_applicable	not_applicable	project-authored	e268c92b3f8733b8216bae1d49056ecce6178eb1ef7b09feefe5921c815714e4	MIT	yes	none	CITATION.cff	none	project source	project workflow	KEEP_VERIFIED	project-authored file	not a retained third-party payload
examples/minimal/inputs/minimal.pdb	5cdb633cd2b886e55316014981cbf5a2a2338773cc7a84593695970c875020cc	448	project_authored	MembraneForger	not_applicable	not_applicable	project-authored	5cdb633cd2b886e55316014981cbf5a2a2338773cc7a84593695970c875020cc	MIT	yes	none	CITATION.cff	none	project source	project workflow	KEEP_VERIFIED	project-authored file	not a retained third-party payload
inputs/.gitignore	b58e76dc7aebe4b6acc648299a33346ae7aceb06c0d04a0ffb87becec0cfff82	35	project_authored	MembraneForger	not_applicable	not_applicable	project-authored	b58e76dc7aebe4b6acc648299a33346ae7aceb06c0d04a0ffb87becec0cfff82	MIT	yes	none	CITATION.cff	none	project source	project workflow	KEEP_VERIFIED	project-authored file	not a retained third-party payload
inputs/.gitkeep	01ba4719c80b6fe911b091a7c05124b64eeece964e09c058ef8f9805daca546b	1	project_authored	MembraneForger	not_applicable	not_applicable	project-authored	01ba4719c80b6fe911b091a7c05124b64eeece964e09c058ef8f9805daca546b	MIT	yes	none	CITATION.cff	none	project source	project workflow	KEEP_VERIFIED	project-authored file	not a retained third-party payload
inputs/README.md	c9de7c2b6682e27867ad1d96d85284e1bb71dc5eb5de26fd03a9dbc320fc0fb3	744	project_authored	MembraneForger	not_applicable	not_applicable	project-authored	c9de7c2b6682e27867ad1d96d85284e1bb71dc5eb5de26fd03a9dbc320fc0fb3	MIT	yes	none	CITATION.cff	none	project source	project workflow	KEEP_VERIFIED	project-authored file	not a retained third-party payload
logs/.gitkeep	01ba4719c80b6fe911b091a7c05124b64eeece964e09c058ef8f9805daca546b	1	project_authored	MembraneForger	not_applicable	not_applicable	project-authored	01ba4719c80b6fe911b091a7c05124b64eeece964e09c058ef8f9805daca546b	MIT	yes	none	CITATION.cff	none	project source	project workflow	KEEP_VERIFIED	project-authored file	not a retained third-party payload
outputs/.gitkeep	01ba4719c80b6fe911b091a7c05124b64eeece964e09c058ef8f9805daca546b	1	project_authored	MembraneForger	not_applicable	not_applicable	project-authored	01ba4719c80b6fe911b091a7c05124b64eeece964e09c058ef8f9805daca546b	MIT	yes	none	CITATION.cff	none	project source	project workflow	KEEP_VERIFIED	project-authored file	not a retained third-party payload
resources/README.md	fd4188f0324ec2e53df3869cfdabafd6f6a27238f5c8c6c83c161728fa74da58	622	project_authored	MembraneForger	not_applicable	not_applicable	project-authored	fd4188f0324ec2e53df3869cfdabafd6f6a27238f5c8c6c83c161728fa74da58	MIT	yes	none	CITATION.cff	none	project source	project workflow	KEEP_VERIFIED	project-authored file	not a retained third-party payload
resources/RESOURCE_MANIFEST.tsv	ce5e4ceaf875c646df1545a99b26983cf179e9ab5e73ac3c53d49ca1b70ad95f	7463	project_authored	MembraneForger	not_applicable	not_applicable	project-authored	ce5e4ceaf875c646df1545a99b26983cf179e9ab5e73ac3c53d49ca1b70ad95f	MIT	yes	none	CITATION.cff	none	project source	project workflow	KEEP_VERIFIED	project-authored file	not a retained third-party payload
resources/aa_mdp/README	0420bd7849bf7da2fbd10a53e544c97ecb716bd7ab19533faf0c4d387c20f291	544	project_authored	MembraneForger	not_applicable	not_applicable	project-authored	0420bd7849bf7da2fbd10a53e544c97ecb716bd7ab19533faf0c4d387c20f291	MIT	yes	none	CITATION.cff	none	project source	project workflow	KEEP_VERIFIED	project-authored file	not a retained third-party payload
resources/aa_mdp/an.mdp	1ed8d5837a94d2b5ad32162dce391a3dfe247cb4bda1957f9442acd011b1034e	2311	project_authored	MembraneForger	not_applicable	not_applicable	project-authored	1ed8d5837a94d2b5ad32162dce391a3dfe247cb4bda1957f9442acd011b1034e	MIT	yes	none	CITATION.cff	none	project source	project workflow	KEEP_VERIFIED	project-authored file	not a retained third-party payload
resources/aa_mdp/ions.mdp	191f674ae8dd7c3b257b41bde1aa7426f81856d270c46d1d9895bf54308d1d4d	935	project_authored	MembraneForger	not_applicable	not_applicable	project-authored	191f674ae8dd7c3b257b41bde1aa7426f81856d270c46d1d9895bf54308d1d4d	MIT	yes	none	CITATION.cff	none	project source	project workflow	KEEP_VERIFIED	project-authored file	not a retained third-party payload
resources/aa_mdp/md-cont.mdp	a0bf4085739bfbcc38bfe7576e7bc485910aa06b881ac6c166b924dfab981fe1	2255	project_authored	MembraneForger	not_applicable	not_applicable	project-authored	a0bf4085739bfbcc38bfe7576e7bc485910aa06b881ac6c166b924dfab981fe1	MIT	yes	none	CITATION.cff	none	project source	project workflow	KEEP_VERIFIED	project-authored file	not a retained third-party payload
resources/aa_mdp/md-p.mdp	6092326be4368a2af8cc64e82045f4b475d973095857bc70aaeae91a54e05463	2246	project_authored	MembraneForger	not_applicable	not_applicable	project-authored	6092326be4368a2af8cc64e82045f4b475d973095857bc70aaeae91a54e05463	MIT	yes	none	CITATION.cff	none	project source	project workflow	KEEP_VERIFIED	project-authored file	not a retained third-party payload
resources/aa_mdp/md.mdp	6de147089304548e47d2695b5d52001aef61cebb736f84922c0b743fe9fc32ed	2293	project_authored	MembraneForger	not_applicable	not_applicable	project-authored	6de147089304548e47d2695b5d52001aef61cebb736f84922c0b743fe9fc32ed	MIT	yes	none	CITATION.cff	none	project source	project workflow	KEEP_VERIFIED	project-authored file	not a retained third-party payload
resources/aa_mdp/minim.mdp	b4d381fe81713f5aced3ef417948829588c3bbbb9b0afaa7d7612b6e7cdb01ac	1029	project_authored	MembraneForger	not_applicable	not_applicable	project-authored	b4d381fe81713f5aced3ef417948829588c3bbbb9b0afaa7d7612b6e7cdb01ac	MIT	yes	none	CITATION.cff	none	project source	project workflow	KEEP_VERIFIED	project-authored file	not a retained third-party payload
resources/aa_mdp/npt.mdp	e9c4eacffaca7d5ac80ec10407db7422b5e448870e79ca16035e35b18fb7c43a	2318	project_authored	MembraneForger	not_applicable	not_applicable	project-authored	e9c4eacffaca7d5ac80ec10407db7422b5e448870e79ca16035e35b18fb7c43a	MIT	yes	none	CITATION.cff	none	project source	project workflow	KEEP_VERIFIED	project-authored file	not a retained third-party payload
resources/aa_mdp/npt00.mdp	1a31bba625e512122867634ebf19f5fa7e9fa56baef6804fd8e74e1cf14a97f6	2229	project_authored	MembraneForger	not_applicable	not_applicable	project-authored	1a31bba625e512122867634ebf19f5fa7e9fa56baef6804fd8e74e1cf14a97f6	MIT	yes	none	CITATION.cff	none	project source	project workflow	KEEP_VERIFIED	project-authored file	not a retained third-party payload
resources/aa_mdp/npt0k.mdp	9dbd6c8fe45411de0310ce5f8ea0cab572c4212de7d37a61ca71130f5051bd5c	2272	project_authored	MembraneForger	not_applicable	not_applicable	project-authored	9dbd6c8fe45411de0310ce5f8ea0cab572c4212de7d37a61ca71130f5051bd5c	MIT	yes	none	CITATION.cff	none	project source	project workflow	KEEP_VERIFIED	project-authored file	not a retained third-party payload
resources/aa_mdp/npt1k-long.mdp	a4df707f956e32ab7d0cbf88fe65a1e166c969e66fb6fe8d3807bf9c1a87b3fa	2315	project_authored	MembraneForger	not_applicable	not_applicable	project-authored	a4df707f956e32ab7d0cbf88fe65a1e166c969e66fb6fe8d3807bf9c1a87b3fa	MIT	yes	none	CITATION.cff	none	project source	project workflow	KEEP_VERIFIED	project-authored file	not a retained third-party payload
resources/aa_mdp/npt1k.mdp	06da721fb26c22f70c101818c365d270195f22025f1766c9ff9d5c1f293d0aa4	2336	project_authored	MembraneForger	not_applicable	not_applicable	project-authored	06da721fb26c22f70c101818c365d270195f22025f1766c9ff9d5c1f293d0aa4	MIT	yes	none	CITATION.cff	none	project source	project workflow	KEEP_VERIFIED	project-authored file	not a retained third-party payload
resources/aa_mdp/npt2k.mdp	ba6bdf5f3e9aef6f5dfc7bb57625cf1a94e599e02baded4486ff0a6f03990909	2334	project_authored	MembraneForger	not_applicable	not_applicable	project-authored	ba6bdf5f3e9aef6f5dfc7bb57625cf1a94e599e02baded4486ff0a6f03990909	MIT	yes	none	CITATION.cff	none	project source	project workflow	KEEP_VERIFIED	project-authored file	not a retained third-party payload
resources/aa_mdp/npt3k.mdp	6ccb085299d7e22b5eb3baa3dec6b90816a9ce97ce8d0df9262de48265417d14	2336	project_authored	MembraneForger	not_applicable	not_applicable	project-authored	6ccb085299d7e22b5eb3baa3dec6b90816a9ce97ce8d0df9262de48265417d14	MIT	yes	none	CITATION.cff	none	project source	project workflow	KEEP_VERIFIED	project-authored file	not a retained third-party payload
resources/aa_mdp/npt4k.mdp	afc84ddf9a810302ad7954c80d3edfa9d4e7c65a52238a66a0553f180245f834	2361	project_authored	MembraneForger	not_applicable	not_applicable	project-authored	afc84ddf9a810302ad7954c80d3edfa9d4e7c65a52238a66a0553f180245f834	MIT	yes	none	CITATION.cff	none	project source	project workflow	KEEP_VERIFIED	project-authored file	not a retained third-party payload
resources/aa_mdp/npt5k.mdp	0bd0e5dde856579f8491d7ffbc9d1907f360cce31b88fcab019b4b60bec29d22	2360	project_authored	MembraneForger	not_applicable	not_applicable	project-authored	0bd0e5dde856579f8491d7ffbc9d1907f360cce31b88fcab019b4b60bec29d22	MIT	yes	none	CITATION.cff	none	project source	project workflow	KEEP_VERIFIED	project-authored file	not a retained third-party payload
resources/aa_mdp/nvt.mdp	3ac03419844c1feee347b59e4279705304786cd4710f5c25c2ab67d9787cb6e9	2248	project_authored	MembraneForger	not_applicable	not_applicable	project-authored	3ac03419844c1feee347b59e4279705304786cd4710f5c25c2ab67d9787cb6e9	MIT	yes	none	CITATION.cff	none	project source	project workflow	KEEP_VERIFIED	project-authored file	not a retained third-party payload
resources/cg_mdp/step6.0_minimization.mdp	0b6310efa08577fa44ee0a117553c9505fbbdba2ae8ef22ea53f22293dc1579b	1565	project_authored	MembraneForger	not_applicable	not_applicable	project-authored	0b6310efa08577fa44ee0a117553c9505fbbdba2ae8ef22ea53f22293dc1579b	MIT	yes	none	CITATION.cff	none	project source	project workflow	KEEP_VERIFIED	project-authored file	not a retained third-party payload
resources/cg_mdp/step6.1_minimization.mdp	ea16552fc957b8f4da3ff6b92812090c2b82efef52bcb5e25807b7aa550c4610	1604	project_authored	MembraneForger	not_applicable	not_applicable	project-authored	ea16552fc957b8f4da3ff6b92812090c2b82efef52bcb5e25807b7aa550c4610	MIT	yes	none	CITATION.cff	none	project source	project workflow	KEEP_VERIFIED	project-authored file	not a retained third-party payload
resources/cg_mdp/step6.2_equilibration.mdp	1114a718946492a8965aa5214e1a12fd7c4b836eaf62cb4786870724443d5f2b	1835	project_authored	MembraneForger	not_applicable	not_applicable	project-authored	1114a718946492a8965aa5214e1a12fd7c4b836eaf62cb4786870724443d5f2b	MIT	yes	none	CITATION.cff	none	project source	project workflow	KEEP_VERIFIED	project-authored file	not a retained third-party payload
resources/cg_mdp/step6.3_equilibration.mdp	4bea0b73d0c032599b53f6e9dbd7fac46c2879226cc48f62663bc03ecd93ee1f	2089	project_authored	MembraneForger	not_applicable	not_applicable	project-authored	4bea0b73d0c032599b53f6e9dbd7fac46c2879226cc48f62663bc03ecd93ee1f	MIT	yes	none	CITATION.cff	none	project source	project workflow	KEEP_VERIFIED	project-authored file	not a retained third-party payload
resources/cg_mdp/step6.4_equilibration.mdp	5424bd78a864e933da0ed73a0487a66134d69173c86d357e0f3f3ff0b285cb82	2097	project_authored	MembraneForger	not_applicable	not_applicable	project-authored	5424bd78a864e933da0ed73a0487a66134d69173c86d357e0f3f3ff0b285cb82	MIT	yes	none	CITATION.cff	none	project source	project workflow	KEEP_VERIFIED	project-authored file	not a retained third-party payload
resources/cg_mdp/step6.5_equilibration.mdp	20151fd03c2a4f2348a6a3e8e93df46879d559a460302d48d54df121811f5d77	2323	project_authored	MembraneForger	not_applicable	not_applicable	project-authored	20151fd03c2a4f2348a6a3e8e93df46879d559a460302d48d54df121811f5d77	MIT	yes	none	CITATION.cff	none	project source	project workflow	KEEP_VERIFIED	project-authored file	not a retained third-party payload
resources/cg_mdp/step6.6_equilibration.mdp	3addb25698a10fb4b000948d47f4ec58e6b69b0cffdeafb8d8638ef6a0f6cac0	2323	project_authored	MembraneForger	not_applicable	not_applicable	project-authored	3addb25698a10fb4b000948d47f4ec58e6b69b0cffdeafb8d8638ef6a0f6cac0	MIT	yes	none	CITATION.cff	none	project source	project workflow	KEEP_VERIFIED	project-authored file	not a retained third-party payload
resources/cg_mdp/step7.1_production.mdp	564cdbc724824392bfa41c55e20f1b29aa0aaa569c38b431e372ba89993b97f0	2274	project_authored	MembraneForger	not_applicable	not_applicable	project-authored	564cdbc724824392bfa41c55e20f1b29aa0aaa569c38b431e372ba89993b97f0	MIT	yes	none	CITATION.cff	none	project source	project workflow	KEEP_VERIFIED	project-authored file	not a retained third-party payload
resources/cg_mdp/step7.2_production.mdp	564cdbc724824392bfa41c55e20f1b29aa0aaa569c38b431e372ba89993b97f0	2274	project_authored	MembraneForger	not_applicable	not_applicable	project-authored	564cdbc724824392bfa41c55e20f1b29aa0aaa569c38b431e372ba89993b97f0	MIT	yes	none	CITATION.cff	none	project source	project workflow	KEEP_VERIFIED	project-authored file	not a retained third-party payload
resources/cg_mdp/step7.3_production.mdp	564cdbc724824392bfa41c55e20f1b29aa0aaa569c38b431e372ba89993b97f0	2274	project_authored	MembraneForger	not_applicable	not_applicable	project-authored	564cdbc724824392bfa41c55e20f1b29aa0aaa569c38b431e372ba89993b97f0	MIT	yes	none	CITATION.cff	none	project source	project workflow	KEEP_VERIFIED	project-authored file	not a retained third-party payload
resources/cg_mdp/step7.4_production.mdp	564cdbc724824392bfa41c55e20f1b29aa0aaa569c38b431e372ba89993b97f0	2274	project_authored	MembraneForger	not_applicable	not_applicable	project-authored	564cdbc724824392bfa41c55e20f1b29aa0aaa569c38b431e372ba89993b97f0	MIT	yes	none	CITATION.cff	none	project source	project workflow	KEEP_VERIFIED	project-authored file	not a retained third-party payload
resources/cg_mdp/step7.5_production.mdp	55e3acabe127c2bb8a13b8aaf9a42a4c160ee8ec7db6317611735b847c0d8f99	2275	project_authored	MembraneForger	not_applicable	not_applicable	project-authored	55e3acabe127c2bb8a13b8aaf9a42a4c160ee8ec7db6317611735b847c0d8f99	MIT	yes	none	CITATION.cff	none	project source	project workflow	KEEP_VERIFIED	project-authored file	not a retained third-party payload
resources/forcefields/martini/CITATIONS.md	f7ccf147e82a3d4f5a5ce4a55b6b6520dc75d799a6730bdde4f8490f3f8b7798	368	project_authored	MembraneForger	not_applicable	not_applicable	project-authored	f7ccf147e82a3d4f5a5ce4a55b6b6520dc75d799a6730bdde4f8490f3f8b7798	MIT	yes	none	CITATION.cff	none	project source	project workflow	KEEP_VERIFIED	project-authored file	not a retained third-party payload
resources/forcefields/martini/ORIGIN.yaml	131f36300eccb9dc6fab275c9e3054bd36144d5b414565848eb976b4aba8cdb3	2351	project_authored	MembraneForger	not_applicable	not_applicable	project-authored	131f36300eccb9dc6fab275c9e3054bd36144d5b414565848eb976b4aba8cdb3	MIT	yes	none	CITATION.cff	none	project source	project workflow	KEEP_VERIFIED	project-authored file	not a retained third-party payload
resources/forcefields/martini/martini_v3.0.0.itp	0ecbf0ff334b2ec21dc5e3151aca42167b977bc2aed41eb2a44bd8c997754894	16030960	third_party_verified	Martini force fields	https://github.com/marrink-lab/martini-forcefields.git	martini_forcefields/regular/v3.0.0/gmx_files/martini_v3.0.0.itp	784591ebdc91d762ed4df986c4650546c938f776	0ecbf0ff334b2ec21dc5e3151aca42167b977bc2aed41eb2a44bd8c997754894	Apache-2.0	yes	Apache-2.0 license text retained in LICENSES/Apache-2.0.txt	Martini 3 and molecule-specific upstream citations	none	official upstream repository	Martini-enabled workflows	KEEP_VERIFIED	official upstream repository license and checksum	byte-identical retained file
resources/forcefields/martini/martini_v3.0.0_ions_v1.itp	699aba132755b0ef13a0d7b41e6230a27777781bdc8075507413b89499c2be4f	7851	third_party_verified	Martini force fields	https://github.com/marrink-lab/martini-forcefields.git	martini_forcefields/regular/v3.0.0/gmx_files/martini_v3.0.0_ions_v1.itp	784591ebdc91d762ed4df986c4650546c938f776	699aba132755b0ef13a0d7b41e6230a27777781bdc8075507413b89499c2be4f	Apache-2.0	yes	Apache-2.0 license text retained in LICENSES/Apache-2.0.txt	Martini 3 and molecule-specific upstream citations	none	official upstream repository	Martini-enabled workflows	KEEP_VERIFIED	official upstream repository license and checksum	byte-identical retained file
resources/forcefields/martini/martini_v3.0.0_nucleobases_v1.itp	774526a4fa1ba6cbe80bda97c0f0516e31c0f21212466281bfae7348cea6f393	5721	third_party_verified	Martini force fields	https://github.com/marrink-lab/martini-forcefields.git	martini_forcefields/regular/v3.0.0/gmx_files/martini_v3.0.0_nucleobases_v1.itp	784591ebdc91d762ed4df986c4650546c938f776	774526a4fa1ba6cbe80bda97c0f0516e31c0f21212466281bfae7348cea6f393	Apache-2.0	yes	Apache-2.0 license text retained in LICENSES/Apache-2.0.txt	Martini 3 and molecule-specific upstream citations	none	official upstream repository	Martini-enabled workflows	KEEP_VERIFIED	official upstream repository license and checksum	byte-identical retained file
resources/forcefields/martini/martini_v3.0.0_phospholipids_v1.itp	21fb2eb6d8a1d48854d179dc71981c1210f608486efb3e6644347391ba9cf392	207794	third_party_verified	Martini force fields	https://github.com/marrink-lab/martini-forcefields.git	martini_forcefields/regular/v3.0.0/gmx_files/martini_v3.0.0_phospholipids_v1.itp	784591ebdc91d762ed4df986c4650546c938f776	21fb2eb6d8a1d48854d179dc71981c1210f608486efb3e6644347391ba9cf392	Apache-2.0	yes	Apache-2.0 license text retained in LICENSES/Apache-2.0.txt	Martini 3 and molecule-specific upstream citations	none	official upstream repository	Martini-enabled workflows	KEEP_VERIFIED	official upstream repository license and checksum	byte-identical retained file
resources/forcefields/martini/martini_v3.0.0_small_molecules_v1.itp	61eb12c3e70fa31af0503d91c3c4ec03c16e88414c884e694bd4092b0afe3cbc	9862	third_party_verified	Martini force fields	https://github.com/marrink-lab/martini-forcefields.git	martini_forcefields/regular/v3.0.0/gmx_files/martini_v3.0.0_small_molecules_v1.itp	784591ebdc91d762ed4df986c4650546c938f776	61eb12c3e70fa31af0503d91c3c4ec03c16e88414c884e694bd4092b0afe3cbc	Apache-2.0	yes	Apache-2.0 license text retained in LICENSES/Apache-2.0.txt	Martini 3 and molecule-specific upstream citations	none	official upstream repository	Martini-enabled workflows	KEEP_VERIFIED	official upstream repository license and checksum	byte-identical retained file
resources/forcefields/martini/martini_v3.0.0_solvents_v1.itp	e6a78414b317c38a1a816eded4aee6082a5da1ed229a126359f0cc92314dcb4e	14432	third_party_verified	Martini force fields	https://github.com/marrink-lab/martini-forcefields.git	martini_forcefields/regular/v3.0.0/gmx_files/martini_v3.0.0_solvents_v1.itp	784591ebdc91d762ed4df986c4650546c938f776	e6a78414b317c38a1a816eded4aee6082a5da1ed229a126359f0cc92314dcb4e	Apache-2.0	yes	Apache-2.0 license text retained in LICENSES/Apache-2.0.txt	Martini 3 and molecule-specific upstream citations	none	official upstream repository	Martini-enabled workflows	KEEP_VERIFIED	official upstream repository license and checksum	byte-identical retained file
resources/forcefields/martini/martini_v3.0.0_sugars_v1.itp	342c8a7be7209a9d6f50c91a0adba3e16150863cd33411ca6bb18b4c2675bbbf	909	third_party_verified	Martini force fields	https://github.com/marrink-lab/martini-forcefields.git	martini_forcefields/regular/v3.0.0/gmx_files/martini_v3.0.0_sugars_v1.itp	784591ebdc91d762ed4df986c4650546c938f776	342c8a7be7209a9d6f50c91a0adba3e16150863cd33411ca6bb18b4c2675bbbf	Apache-2.0	yes	Apache-2.0 license text retained in LICENSES/Apache-2.0.txt	Martini 3 and molecule-specific upstream citations	none	official upstream repository	Martini-enabled workflows	KEEP_VERIFIED	official upstream repository license and checksum	byte-identical retained file
resources/forcefields/martini/martini_v3.0.0_sugars_v2.itp	4d29956a77d936cfdad10e8bbdf201cebdaa24a2f5f50688988a1c7bb9ebfc50	11300	third_party_verified	Martini force fields	https://github.com/marrink-lab/martini-forcefields.git	martini_forcefields/regular/v3.0.0/gmx_files/martini_v3.0.0_sugars_v2.itp	784591ebdc91d762ed4df986c4650546c938f776	4d29956a77d936cfdad10e8bbdf201cebdaa24a2f5f50688988a1c7bb9ebfc50	Apache-2.0	yes	Apache-2.0 license text retained in LICENSES/Apache-2.0.txt	Martini 3 and molecule-specific upstream citations	none	official upstream repository	Martini-enabled workflows	KEEP_VERIFIED	official upstream repository license and checksum	byte-identical retained file
resources/ligand_params/GLPA/README.md	2878754d1cd9ac6753f26646a8d1e2d0a6750476c52b3eec912bac6e6b55e5f7	580	project_authored	MembraneForger	not_applicable	not_applicable	project-authored	2878754d1cd9ac6753f26646a8d1e2d0a6750476c52b3eec912bac6e6b55e5f7	MIT	yes	none	CITATION.cff	none	project source	project workflow	KEEP_VERIFIED	project-authored file	not a retained third-party payload
resources/mappings/map.dat	c88c0da6fa98bf275e98723c5fdd5de04f90c7802b1944191dcc40b7e591dcdb	3281	project_authored	MembraneForger	not_applicable	not_applicable	project-authored	c88c0da6fa98bf275e98723c5fdd5de04f90c7802b1944191dcc40b7e591dcdb	MIT	yes	none	CITATION.cff	none	project source	project workflow	KEEP_VERIFIED	project-authored file	not a retained third-party payload
resources/templates/GM3.xml	2899de76e3a2bf30cff0bdac74808ef5cfad223623a3ef5fff2a94750c744eab	18108	project_authored	MembraneForger	not_applicable	not_applicable	project-authored	2899de76e3a2bf30cff0bdac74808ef5cfad223623a3ef5fff2a94750c744eab	MIT	yes	none	CITATION.cff	none	project source	project workflow	KEEP_VERIFIED	project-authored file	not a retained third-party payload
resources/templates/charmm36_local.xml	e95bd38f57d2d06976d7b5f665a14364134a94d25b5b8235471b73d7ec7eb2eb	5939669	project_authored	MembraneForger	not_applicable	not_applicable	project-authored	e95bd38f57d2d06976d7b5f665a14364134a94d25b5b8235471b73d7ec7eb2eb	MIT	yes	none	CITATION.cff	none	project source	project workflow	KEEP_VERIFIED	project-authored file	not a retained third-party payload
resources/vendor/README.md	e2bff4aefbb6a48368720bd946bca2e53da82612c759f6b3dba2264ccbc6df1d	494	project_authored	MembraneForger	not_applicable	not_applicable	project-authored	e2bff4aefbb6a48368720bd946bca2e53da82612c759f6b3dba2264ccbc6df1d	MIT	yes	none	CITATION.cff	none	project source	project workflow	KEEP_VERIFIED	project-authored file	not a retained third-party payload
resources/vendor/mstool.lock.yaml	ce17f21747f95b6585b764c62cdbc985eb955db34eeabed8e185ec8f62ce2e75	536	bootstrap_lock	mstool	https://github.com/ksy141/mstool.git	archive	2d37f9d3e89279ddd9125cc74da1f5e01153586c	c9e43e5ae607bdd31b1c86f6e5b0698095010af57210e7b3f6bf4144fb8bebba	GPL-3.0-only	yes	GPL license retained by bootstrap installation	upstream mstool citation	none	pinned upstream archive	Stage 3 backmapping	FETCH_AT_SETUP	official upstream GPL repository	source not tracked
run_pipeline.sh	e5cf511aebc548bf58750775c5aee0fcd7da087c14aa6922ace5dd92067791c7	464	project_authored	MembraneForger	not_applicable	not_applicable	project-authored	e5cf511aebc548bf58750775c5aee0fcd7da087c14aa6922ace5dd92067791c7	MIT	yes	none	CITATION.cff	none	project source	project workflow	KEEP_VERIFIED	project-authored file	not a retained third-party payload
scripts/bootstrap_mstool.py	cb21cfeab46eb073d9ca59a6a68e2b584330cf1e6426ae264d13b75cae7e5037	7451	project_authored	MembraneForger	not_applicable	not_applicable	project-authored	cb21cfeab46eb073d9ca59a6a68e2b584330cf1e6426ae264d13b75cae7e5037	MIT	yes	none	CITATION.cff	none	project source	project workflow	KEEP_VERIFIED	project-authored file	not a retained third-party payload
scripts/bootstrap_resources.py	f875310b43c544b4909e562ecefe24ca4c456e0e105ea400e2d0a6c7b639f1eb	2379	project_authored	MembraneForger	not_applicable	not_applicable	project-authored	f875310b43c544b4909e562ecefe24ca4c456e0e105ea400e2d0a6c7b639f1eb	MIT	yes	none	CITATION.cff	none	project source	project workflow	KEEP_VERIFIED	project-authored file	not a retained third-party payload
scripts/check_python_environment.py	f854902c84f5210b91d34a793a80e0ae2ff86458dda78a5b36b225908eb2738b	1364	project_authored	MembraneForger	not_applicable	not_applicable	project-authored	f854902c84f5210b91d34a793a80e0ae2ff86458dda78a5b36b225908eb2738b	MIT	yes	none	CITATION.cff	none	project source	project workflow	KEEP_VERIFIED	project-authored file	not a retained third-party payload
scripts/dependency_resolver.py	7d5427e535822d9726aaac0c7f54c3ba89730aa8bcbecf88f9f483a57e65f651	9509	project_authored	MembraneForger	not_applicable	not_applicable	project-authored	7d5427e535822d9726aaac0c7f54c3ba89730aa8bcbecf88f9f483a57e65f651	MIT	yes	none	CITATION.cff	none	project source	project workflow	KEEP_VERIFIED	project-authored file	not a retained third-party payload
scripts/external_dependencies.py	20ba7581d121bf1cbb39060055337d98cf3729fc15294e18df1f39ef4f295cf9	7552	project_authored	MembraneForger	not_applicable	not_applicable	project-authored	20ba7581d121bf1cbb39060055337d98cf3729fc15294e18df1f39ef4f295cf9	MIT	yes	none	CITATION.cff	none	project source	project workflow	KEEP_VERIFIED	project-authored file	not a retained third-party payload
scripts/insane_M3_lipids_new.py	55a19b4d0bca5c711af2b020503b75627d4354cb36249ae970d47a54021a6074	81118	project_authored	MembraneForger	not_applicable	not_applicable	project-authored	55a19b4d0bca5c711af2b020503b75627d4354cb36249ae970d47a54021a6074	MIT	yes	none	CITATION.cff	none	project source	project workflow	KEEP_VERIFIED	project-authored file	not a retained third-party payload
scripts/membraneforger_paths.py	1b1859b89df6603d369ad11bca505c2522496e47048161fdf18f9df88b1f59fb	15358	project_authored	MembraneForger	not_applicable	not_applicable	project-authored	1b1859b89df6603d369ad11bca505c2522496e47048161fdf18f9df88b1f59fb	MIT	yes	none	CITATION.cff	none	project source	project workflow	KEEP_VERIFIED	project-authored file	not a retained third-party payload
scripts/membraneforger_workflow.py	4e17ccc6947ea05e736ab43cbd4723c69842f5220e5ada8edfb73390e23bd022	24233	project_authored	MembraneForger	not_applicable	not_applicable	project-authored	4e17ccc6947ea05e736ab43cbd4723c69842f5220e5ada8edfb73390e23bd022	MIT	yes	none	CITATION.cff	none	project source	project workflow	KEEP_VERIFIED	project-authored file	not a retained third-party payload
scripts/restore_archive.py	21630f872ca9d56a531a05c46f78ef491ba64e559b8a6c72acc5f7c72a4a3818	1844	project_authored	MembraneForger	not_applicable	not_applicable	project-authored	21630f872ca9d56a531a05c46f78ef491ba64e559b8a6c72acc5f7c72a4a3818	MIT	yes	none	CITATION.cff	none	project source	project workflow	KEEP_VERIFIED	project-authored file	not a retained third-party payload
scripts/test_membrane_workflow.py	ee0ffa0479a70310f4abb958608a80c9ea27946856574f4ff83a5a2ecc1f5c32	77707	project_authored	MembraneForger	not_applicable	not_applicable	project-authored	ee0ffa0479a70310f4abb958608a80c9ea27946856574f4ff83a5a2ecc1f5c32	MIT	yes	none	CITATION.cff	none	project source	project workflow	KEEP_VERIFIED	project-authored file	not a retained third-party payload
setup.sh	fa1af31c615274832da5ff531b54e6e4acef5df5efa415714f7085124a2d297b	2292	project_authored	MembraneForger	not_applicable	not_applicable	project-authored	fa1af31c615274832da5ff531b54e6e4acef5df5efa415714f7085124a2d297b	MIT	yes	none	CITATION.cff	none	project source	project workflow	KEEP_VERIFIED	project-authored file	not a retained third-party payload
stages/stage1_setup_cg/run.sh	72d01f86fdbbb9530fd400718e3a40ed48bafd291a46b724350ef12b69f5fbd4	174	project_authored	MembraneForger	not_applicable	not_applicable	project-authored	72d01f86fdbbb9530fd400718e3a40ed48bafd291a46b724350ef12b69f5fbd4	MIT	yes	none	CITATION.cff	none	project source	project workflow	KEEP_VERIFIED	project-authored file	not a retained third-party payload
stages/stage2_run_cg/run.sh	9e9fa8fb92dde95c4adea815781ef73e8702c0a46d8fe8fd020db1bbb2c018fe	174	project_authored	MembraneForger	not_applicable	not_applicable	project-authored	9e9fa8fb92dde95c4adea815781ef73e8702c0a46d8fe8fd020db1bbb2c018fe	MIT	yes	none	CITATION.cff	none	project source	project workflow	KEEP_VERIFIED	project-authored file	not a retained third-party payload
stages/stage3_backmap/run.py	a1e0303d2a34379c917c20cfdefbc48be88f88c08efeb334f74d8faf095e062f	315	project_authored	MembraneForger	not_applicable	not_applicable	project-authored	a1e0303d2a34379c917c20cfdefbc48be88f88c08efeb334f74d8faf095e062f	MIT	yes	none	CITATION.cff	none	project source	project workflow	KEEP_VERIFIED	project-authored file	not a retained third-party payload
stages/stage4_prepare_aa/run.sh	8465556c1fbcaeebc47b0a34ac34ef5ac3d84733e3ef36f8a5d50e82b6f6cecb	174	project_authored	MembraneForger	not_applicable	not_applicable	project-authored	8465556c1fbcaeebc47b0a34ac34ef5ac3d84733e3ef36f8a5d50e82b6f6cecb	MIT	yes	none	CITATION.cff	none	project source	project workflow	KEEP_VERIFIED	project-authored file	not a retained third-party payload
tests/public_script_inventory.tsv	ee7708132011705315651c61ad08581ae121949266f4a21f65e998cbd3a5d1d0	677	project_authored	MembraneForger	not_applicable	not_applicable	project-authored	ee7708132011705315651c61ad08581ae121949266f4a21f65e998cbd3a5d1d0	MIT	yes	none	CITATION.cff	none	project source	project workflow	KEEP_VERIFIED	project-authored file	not a retained third-party payload
tests/test_external_dependencies.py	be517db94600fb1c86a019320e5ebc28914a84b9d18dd28174fbc9bbc207480e	4331	project_authored	MembraneForger	not_applicable	not_applicable	project-authored	be517db94600fb1c86a019320e5ebc28914a84b9d18dd28174fbc9bbc207480e	MIT	yes	none	CITATION.cff	none	project source	project workflow	KEEP_VERIFIED	project-authored file	not a retained third-party payload
tests/test_portable_workflow.py	ddffecde450419b048c3d1cbba742064f8050d3a31cb41fe9c4641e2fa85058f	2211	project_authored	MembraneForger	not_applicable	not_applicable	project-authored	ddffecde450419b048c3d1cbba742064f8050d3a31cb41fe9c4641e2fa85058f	MIT	yes	none	CITATION.cff	none	project source	project workflow	KEEP_VERIFIED	project-authored file	not a retained third-party payload
tests/test_publication_portability.py	ab4b59348b8e0dbd80018417c9b90484cc3d78ae5f0eb13de45525451de80c67	10353	project_authored	MembraneForger	not_applicable	not_applicable	project-authored	ab4b59348b8e0dbd80018417c9b90484cc3d78ae5f0eb13de45525451de80c67	MIT	yes	none	CITATION.cff	none	project source	project workflow	KEEP_VERIFIED	project-authored file	not a retained third-party payload
tests/test_stage3_repairs.py	30da041030dad2f2f6e5d44d4b4192f9c8faef0e9aa863c5eda02e918f9aad8b	3804	project_authored	MembraneForger	not_applicable	not_applicable	project-authored	30da041030dad2f2f6e5d44d4b4192f9c8faef0e9aa863c5eda02e918f9aad8b	MIT	yes	none	CITATION.cff	none	project source	project workflow	KEEP_VERIFIED	project-authored file	not a retained third-party payload
work/.gitkeep	01ba4719c80b6fe911b091a7c05124b64eeece964e09c058ef8f9805daca546b	1	project_authored	MembraneForger	not_applicable	not_applicable	project-authored	01ba4719c80b6fe911b091a7c05124b64eeece964e09c058ef8f9805daca546b	MIT	yes	none	CITATION.cff	none	project source	project workflow	KEEP_VERIFIED	project-authored file	not a retained third-party payload
